Common Date,Brazil,Indonesia,Mexico,India,China
02-08-2021,122516,6096.542969,50869.48047,15885.15039,3464.290039
03-08-2021,123577,6130.570801,51633.91016,16130.75,3447.98999
04-08-2021,121801,6159.035156,51195.42969,16258.79981,3477.219971
05-08-2021,121633,6205.416992,51134.92969,16294.59961,3466.550049
06-08-2021,122810,6203.431152,51113.85156,16238.2002,3458.22998
09-08-2021,123019,6127.456055,50900.46094,16258.25,3494.629883
10-08-2021,122202,6088.408203,51114.16016,16280.09961,3529.929932
12-08-2021,120701,6139.651855,51049.69141,16364.40039,3524.73999
13-08-2021,121194,6139.492188,51490.94141,16529.09961,3516.300049
16-08-2021,119180,6087.913086,51384.91016,16563.05078,3517.340088
18-08-2021,116643,6118.149902,51986.07813,16568.84961,3485.285889
20-08-2021,118053,6030.771973,51414.32031,16450.5,3427.333984
23-08-2021,117472,6109.828125,52054.64063,16496.44922,3477.129883
24-08-2021,120211,6089.49707,51985,16624.59961,3514.470947
25-08-2021,120818,6113.240234,52345.39063,16634.65039,3540.379883
26-08-2021,118724,6058.080078,52290.69141,16636.90039,3501.664063
27-08-2021,120678,6041.366211,52425.64063,16705.19922,3522.156982
30-08-2021,119740,6144.901855,52602.07031,16931.05078,3528.150879
31-08-2021,118781,6150.298828,53304.73828,17132.19922,3543.939941
01-09-2021,119396,6090.933105,52215.53906,17076.25,3567.100098
02-09-2021,116677,6078.229004,52087.46875,17234.15039,3597.040039
03-09-2021,116933,6126.920898,51835.08984,17323.59961,3581.72998
06-09-2021,117869,6126.937988,52283.10938,17377.80078,3621.860107
08-09-2021,113413,6026.02002,51469.71875,17353.5,3675.189941
09-09-2021,115361,6068.219238,51395.05859,17369.25,3693.129883
13-09-2021,116404,6088.157227,51496.71094,17355.30078,3715.370117
14-09-2021,116181,6129.095215,51815.17188,17380,3662.600098
15-09-2021,115063,6110.229004,52192.32813,17519.44922,3656.219971
17-09-2021,111439,6133.246094,51307.71094,17585.15039,3613.969971
22-09-2021,112282,6108.265137,51338.33984,17546.65039,3628.48999
23-09-2021,114064,6142.711914,51464.26953,17822.94922,3642.219971
24-09-2021,113283,6144.814941,51105.71094,17853.19922,3613.070068
27-09-2021,113583,6122.495117,51598.53125,17855.09961,3582.830078
28-09-2021,110124,6113.111816,50925.51953,17748.59961,3602.219971
29-09-2021,111107,6162.554199,51084.60938,17711.30078,3536.290039
30-09-2021,110979,6286.942871,51385.55078,17618.15039,3568.169922
08-10-2021,112833,6481.769043,51136.62109,17895.19922,3592.169922
11-10-2021,112180,6459.696777,51646.75,17945.94922,3591.709961
13-10-2021,113456,6536.903809,51812.87109,18161.75,3561.76001
14-10-2021,113185,6626.11377,52140.23828,18338.55078,3558.280029
18-10-2021,114428,6658.768066,52686.03125,18477.05078,3568.139893
19-10-2021,110673,6655.998047,52402.73047,18418.75,3593.149902
21-10-2021,107735,6632.972168,52020.05078,18178.09961,3594.780029
22-10-2021,106296,6643.737793,51889.66016,18114.90039,3582.600098
25-10-2021,108715,6625.696777,51833.80078,18125.40039,3609.860107
26-10-2021,106420,6656.937012,52206.58984,18268.40039,3597.639893
27-10-2021,106363,6602.208984,51714.60156,18210.94922,3562.310059
28-10-2021,105705,6524.076172,51248.83984,17857.25,3518.419922
29-10-2021,103501,6591.346191,51309.83984,17671.65039,3547.340088
01-11-2021,105551,6552.88916,51653.26172,17929.65039,3544.47998
03-11-2021,105617,6552.129883,51876.80859,17829.19922,3498.540039
04-11-2021,103412,6586.442871,51873.46094,17916.80078,3526.870117
08-11-2021,104781,6632.296875,52251.48828,18068.55078,3498.629883
09-11-2021,105535,6669.924805,52114.12109,18044.25,3507
10-11-2021,105968,6683.14502,51704.39844,18017.19922,3492.459961
11-11-2021,107725,6691.341797,51707.01172,17873.59961,3532.790039
12-11-2021,106312,6651.054199,51432.53906,18102.75,3539.100098
16-11-2021,104508,6651.207031,51161.5,17999.19922,3521.790039
17-11-2021,102945,6675.804199,51045.10156,17898.65039,3537.370117
18-11-2021,102524,6636.469238,50831.94922,17764.80078,3520.709961
22-11-2021,102122,6723.38623,50497.07813,17416.55078,3582.080078
23-11-2021,103663,6677.875977,51116.32031,17503.34961,3589.089111
24-11-2021,104514,6683.276855,50848.03125,17415.05078,3592.702881
25-11-2021,105811,6699.346191,50625,17536.25,3584.179932
26-11-2021,102224,6561.553223,49492.51953,17026.44922,3564.090088
29-11-2021,102814,6608.290039,49796.30078,17053.94922,3562.699951
30-11-2021,101915,6533.932129,49698.71875,16983.19922,3563.889893
01-12-2021,100775,6507.676758,50007.16016,17166.90039,3576.889893
02-12-2021,104466,6583.819824,50927.37891,17401.65039,3573.840088
03-12-2021,105070,6538.505859,50597.28906,17196.69922,3607.429932
06-12-2021,106859,6547.116211,50605.55859,16912.25,3589.310059
07-12-2021,107558,6602.568848,50918.28125,17176.69922,3595.090088
08-12-2021,108096,6603.797852,51056.26953,17469.75,3637.570068
09-12-2021,106291,6643.932129,51238.01953,17516.84961,3673.040039
10-12-2021,107758,6652.921875,51213.48047,17511.30078,3666.350098
13-12-2021,107383,6662.871094,50419.17188,17368.25,3681.080078
14-12-2021,106760,6615.637207,51241.46875,17324.90039,3661.530029
15-12-2021,107370,6626.256836,51163.66016,17221.40039,3647.629883
16-12-2021,108212,6594.797852,51384.05859,17248.40039,3675.02002
17-12-2021,107201,6601.932129,52379.37109,16985.19922,3632.360107
20-12-2021,105020,6547.111816,51623.85938,16614.19922,3593.600098
21-12-2021,105500,6554.309082,52085.28125,16770.84961,3625.129883
22-12-2021,105244,6529.592773,52403.05078,16955.44922,3622.620117
23-12-2021,104891,6555.550781,52650.91016,17072.59961,3643.340088
27-12-2021,105531,6575.443848,53259.55859,17086.25,3615.969971
28-12-2021,104864,6598.342773,53238.48047,17233.25,3630.112061
29-12-2021,104107,6600.676758,52748.92969,17213.59961,3597
30-12-2021,104822,6581.481934,53175.25,17203.94922,3619.189941
04-01-2022,103514,6695.373047,53016.78125,17805.25,3632.330078
05-01-2022,101006,6662.298828,53024.14844,17925.25,3595.179932
06-01-2022,101561,6653.351074,53055.30859,17745.90039,3586.080078
07-01-2022,102719,6701.315918,53202.10938,17812.69922,3579.540039
10-01-2022,101945,6691.124023,52835.76172,18003.30078,3593.52002
11-01-2022,103779,6647.970215,53061.92188,18055.75,3567.439941
12-01-2022,105686,6647.064941,53951.14063,18212.34961,3597.429932
13-01-2022,105530,6658.355957,53930.44922,18257.80078,3555.26001
14-01-2022,106928,6693.400879,53744.92188,18255.75,3521.26001
17-01-2022,106692,6645.047852,53973.26953,18308.09961,3541.669922
18-01-2022,106522,6614.059082,53232.19922,18113.05078,3569.909912
19-01-2022,108013,6591.980957,52823.23047,17938.40039,3558.179932
20-01-2022,109102,6626.871094,52508.35156,17757,3555.060059
21-01-2022,108942,6726.373047,51599.37891,17617.15039,3522.570068
24-01-2022,107752,6655.166016,50890.58984,17149.09961,3524.110107
25-01-2022,109845,6568.172852,51104.39063,17277.94922,3433.060059
27-01-2022,112315,6611.161133,50466.01953,17110.15039,3394.25
28-01-2022,111478,6645.51123,50661.85938,17101.94922,3361.439941
08-02-2022,112234,6789.521973,52294.57813,17266.75,3452.629883
09-02-2022,112461,6834.605957,52761.91016,17463.80078,3479.949951
10-02-2022,113359,6823.64209,52599.57813,17605.84961,3485.909912
11-02-2022,113572,6815.606934,53229.26172,17374.75,3462.949951
14-02-2022,113807,6734.48584,52334.73047,16842.80078,3428.879883
15-02-2022,114660,6807.49707,53210.94141,17352.44922,3446.090088
16-02-2022,115181,6850.198242,53680.85938,17322.19922,3465.830078
17-02-2022,113528,6835.117188,52712.05859,17304.59961,3468.040039
18-02-2022,112768,6892.817871,52281.53125,17276.30078,3490.76001
21-02-2022,111725,6902.964844,52025.17969,17206.65039,3490.610107
22-02-2022,112892,6861.994141,52600.44922,17092.19922,3457.149902
23-02-2022,112008,6920.056152,51362.94922,17063.25,3489.149902
24-02-2022,111592,6817.819824,51454.05078,16247.9502,3429.959961
25-02-2022,113142,6888.170898,52555.60156,16658.40039,3451.409912
02-03-2022,115174,6868.401855,53300.66016,16605.94922,3484.189941
04-03-2022,114474,6928.328125,53322.05078,16245.34961,3447.649902
07-03-2022,111593,6869.065918,52312.60938,15863.15039,3372.860107
08-03-2022,111203,6814.183105,53288.23047,16013.4502,3293.530029
09-03-2022,113900,6864.440918,53911.76172,16345.34961,3256.389893
10-03-2022,113663,6924.007813,53387.62109,16594.90039,3296.090088
11-03-2022,111713,6922.602051,53300.69922,16630.44922,3309.75
14-03-2022,109928,6952.204102,52807.62109,16871.30078,3223.530029
15-03-2022,108959,6918.185059,53010.01172,16663,3063.969971
16-03-2022,111112,6992.39502,53411.87891,16975.34961,3170.709961
17-03-2022,113076,6964.384766,54364.51172,17287.05078,3215.040039
22-03-2022,117272,7000.821777,55722.48047,17315.5,3259.860107
23-03-2022,117457,6996.115234,55154.67969,17245.65039,3271.030029
24-03-2022,119053,7049.685059,55829.85938,17222.75,3250.26001
25-03-2022,119081,7002.532227,55436.05078,17153,3212.23999
28-03-2022,118738,7049.603027,55685.14063,17222,3214.5
29-03-2022,120014,7011.688965,56111.21094,17325.30078,3203.939941
30-03-2022,120260,7053.189941,55814.98828,17498.25,3266.600098
31-03-2022,119999,7071.441895,56536.67969,17464.75,3252.199951
01-04-2022,121570,7078.759766,56609.53906,17670.44922,3282.719971
06-04-2022,118228,7104.21582,55438.73047,17807.65039,3283.429932
07-04-2022,118862,7127.367188,55280.58984,17639.55078,3236.699951
08-04-2022,118322,7210.834961,54687.25,17784.34961,3251.850098
11-04-2022,116953,7203.793945,54463.82813,17674.94922,3167.129883
12-04-2022,116147,7214.780762,53907.25,17530.30078,3213.330078
13-04-2022,116782,7262.776855,54172.62109,17475.65039,3186.820068
18-04-2022,115687,7275.289063,54139.69141,17173.65039,3195.52002
19-04-2022,115057,7199.231934,54633.76172,16958.65039,3194.030029
20-04-2022,114344,7227.361816,53831.03906,17136.55078,3151.050049
22-04-2022,111078,7225.605957,53191.78125,17171.94922,3086.919922
25-04-2022,110685,7215.979004,52640.82813,16953.94922,2928.51001
26-04-2022,108213,7232.152832,52512.71094,17200.80078,2886.429932
27-04-2022,109349,7196.76416,52351.21094,17038.40039,2958.280029
28-04-2022,109919,7228.914063,52614.17188,17245.05078,2975.47998
09-05-2022,103250,6909.750977,49057.46094,16301.84961,3004.139893
10-05-2022,103110,6819.793945,49115.85938,16240.04981,3035.840088
11-05-2022,104397,6816.203125,49276.23047,16167.09961,3058.699951
12-05-2022,105688,6599.839844,49309.32031,15808,3054.98999
13-05-2022,106924,6597.993164,49579.89844,15782.15039,3084.280029
17-05-2022,108789,6644.466797,51464.03125,16259.29981,3093.699951
18-05-2022,106247,6793.414063,50394.03125,16240.29981,3085.97998
19-05-2022,107005,6823.334961,51289.91016,15809.40039,3096.959961
20-05-2022,108488,6918.144043,51518.30078,16266.15039,3146.570068
23-05-2022,110346,6840.774902,51376.89063,16214.7002,3146.860107
24-05-2022,110581,6914.141113,51304.03906,16125.15039,3070.929932
25-05-2022,110580,6883.503906,51717.07031,16025.79981,3107.459961
27-05-2022,111942,7026.255859,52463.55078,16352.4502,3130.23999
30-05-2022,111032,7037.564941,52162.07813,16661.40039,3149.060059
31-05-2022,111351,7148.970215,51752.53125,16584.55078,3186.429932
02-06-2022,112393,7148.723145,50971.37891,16628,3195.459961
06-06-2022,110186,7096.582031,50060.53125,16569.55078,3236.370117
07-06-2022,110070,7141.044922,50139.19922,16416.34961,3241.76001
08-06-2022,108368,7193.313965,49819.30078,16356.25,3263.790039
09-06-2022,107094,7182.830078,49290.21875,16478.09961,3238.949951
10-06-2022,105481,7086.647949,48471.51953,16201.79981,3284.830078
13-06-2022,102598,6995.441895,48445.30078,15774.40039,3255.550049
14-06-2022,102063,7049.881836,48164.46875,15732.09961,3288.909912
15-06-2022,102807,7007.049805,48344.96875,15692.15039,3305.409912
17-06-2022,99825,6936.966797,48016.23047,15293.5,3316.790039
20-06-2022,99853,6976.376953,47780.71875,15350.15039,3315.429932
21-06-2022,99685,7044.070801,48104.37891,15638.79981,3306.719971
22-06-2022,99522,6984.311035,47144.35938,15413.29981,3267.199951
23-06-2022,98080,6998.26709,46657.87891,15556.65039,3320.149902
24-06-2022,98672,7042.937012,47741.5,15699.25,3349.75
27-06-2022,100764,7016.055176,48294.82813,15832.04981,3379.189941
28-06-2022,100591,6996.456055,48435.44922,15850.2002,3409.209961
29-06-2022,99622,6942.351074,48061.60938,15799.09961,3361.52002
30-06-2022,98542,6911.582031,47524.44922,15780.25,3398.620117
01-07-2022,98954,6794.328125,47743.14844,15752.04981,3387.639893
04-07-2022,98609,6639.171875,48036.37891,15835.34961,3405.429932
05-07-2022,98295,6703.266113,47503.21875,15810.84961,3404.030029
06-07-2022,98719,6646.410156,47722.28906,15989.79981,3355.350098
07-07-2022,100730,6652.586914,47374.37891,16132.90039,3364.399902
08-07-2022,100289,6740.219238,47582.10938,16220.59961,3356.080078
11-07-2022,98212,6722.14502,47369.89063,16216,3313.580078
12-07-2022,98271,6718.293945,47651.51953,16058.29981,3281.469971
13-07-2022,97881,6640.990234,47461.35156,15966.65039,3284.290039
14-07-2022,96121,6690.086914,46741.30859,15938.65039,3281.73999
15-07-2022,96551,6651.904785,47075.87109,16049.2002,3228.060059
18-07-2022,96916,6659.25293,46923.19922,16278.5,3278.100098
19-07-2022,98245,6736.091797,47259.23047,16340.54981,3279.429932
20-07-2022,98287,6874.743164,47132.48828,16520.84961,3304.719971
21-07-2022,99033,6864.130859,47416.37109,16605.25,3272
22-07-2022,98925,6886.961914,47264.85938,16719.44922,3269.969971
25-07-2022,100270,6858.407227,47202.64063,16631,3250.389893
26-07-2022,99772,6871.537109,46674.30078,16483.84961,3277.439941
27-07-2022,101438,6898.21582,46842.92188,16641.80078,3275.76001
28-07-2022,102597,6956.816895,48112.26953,16929.59961,3282.580078
29-07-2022,103165,6951.123047,48144.32813,17158.25,3253.23999
01-08-2022,102225,6968.783203,47384.55859,17340.05078,3259.959961
02-08-2022,103362,6988.157227,46902.69141,17345.44922,3186.27002
03-08-2022,103775,7046.634766,46989.60938,17388.15039,3163.669922
04-08-2022,105892,7057.348145,46916.17188,17382,3189.040039
05-08-2022,106472,7084.654785,46723.42969,17397.5,3227.030029
08-08-2022,108402,7086.849121,47354.85938,17525.09961,3236.929932
10-08-2022,110236,7086.23584,47808.21094,17534.75,3230.02002
11-08-2022,109718,7160.384766,48460.55078,17659,3281.669922
12-08-2022,112764,7129.276855,48853.37109,17698.15039,3276.889893
16-08-2022,113512,7133.453125,48801.67969,17825.25,3277.879883
18-08-2022,113813,7186.558105,48729.80078,17956.5,3277.540039
19-08-2022,111496,7172.434082,48463.26172,17758.44922,3258.080078
22-08-2022,110501,7107.98291,48016.60938,17490.69922,3277.790039
23-08-2022,112857,7163.265137,47974.03125,17577.5,3276.219971
24-08-2022,112898,7194.706055,47449.73047,17604.94922,3215.199951
25-08-2022,113532,7174.208008,47724.23828,17522.44922,3246.25
26-08-2022,112299,7135.248047,47272.10938,17558.90039,3236.219971
29-08-2022,112323,7132.044922,46322.10156,17312.90039,3240.72998
30-08-2022,110431,7159.473145,45922.05078,17759.30078,3227.219971
01-09-2022,110405,7153.104004,45383.85156,17542.80078,3184.97998
02-09-2022,110864,7177.179199,45888.62891,17539.44922,3186.47998
05-09-2022,112203,7231.882813,46026.07813,17665.80078,3199.912109
06-09-2022,109764,7233.154785,45902.89063,17655.59961,3243.449951
08-09-2022,109916,7232.01709,46283.33984,17798.75,3235.590088
09-09-2022,112300,7242.655762,47042.94141,17833.34961,3262.050049
13-09-2022,110794,7318.016113,47039.73828,18070.05078,3263.800049
14-09-2022,110547,7278.078125,46745.14844,18003.75,3237.540039
15-09-2022,109954,7305.601074,46769.78125,17877.40039,3199.919922
19-09-2022,111824,7195.487793,46793.58984,17622.25,3115.600098
20-09-2022,112517,7196.951172,47068.53125,17816.25,3122.409912
21-09-2022,111936,7188.313965,46992.51172,17718.34961,3117.179932
22-09-2022,114070,7218.905762,46324.92188,17629.80078,3108.909912
23-09-2022,111716,7178.583008,45395.94141,17327.34961,3088.370117
26-09-2022,109114,7127.50293,44808.55859,17016.30078,3051.22998
27-09-2022,108376,7112.449219,45006.10938,17007.40039,3093.860107
28-09-2022,108451,7077.030762,45442.21094,16858.59961,3045.070068
29-09-2022,107664,7036.198242,45102.55078,16818.09961,3041.199951
30-09-2022,110037,7040.797852,44626.80078,17094.34961,3024.389893
10-10-2022,115941,6994.39502,45457.12109,17241,2974.149902
11-10-2022,114827,6939.14502,45792.98828,16983.55078,2979.790039
13-10-2022,114300,6880.625,45766.94141,17014.34961,3016.360107
14-10-2022,112072,6814.529785,45443.35156,17185.69922,3071.98999
17-10-2022,113624,6831.115234,46220.71875,17311.80078,3084.939941
18-10-2022,115743,6834.494141,46309.23047,17486.94922,3080.959961
19-10-2022,116274,6860.416016,46217.44141,17512.25,3044.379883
20-10-2022,117171,6980.651855,46315.41016,17563.94922,3035.050049
21-10-2022,119929,7017.770996,47120.07813,17576.30078,3038.929932
24-10-2022,116013,7053.043945,47765.23828,17730.75,2977.560059
25-10-2022,114626,7048.379883,48641.26953,17656.34961,2976.280029
27-10-2022,114641,7091.76123,48892.55859,17736.94922,2982.899902
28-10-2022,114539,7056.040039,49086.30078,17786.80078,2915.929932
31-10-2022,116037,7098.890137,49922.30078,18012.19922,2893.47998
01-11-2022,116929,7052.303223,50864.85156,18145.40039,2969.199951
03-11-2022,116896,7034.573242,50215.87109,18052.69922,2997.810059
04-11-2022,118155,7045.526855,51173.75,18117.15039,3070.800049
07-11-2022,115342,7102.395996,50760.17188,18202.80078,3077.820068
09-11-2022,113580,7070.083984,50545.76172,18157,3048.169922
10-11-2022,109775,6966.836914,51031.71094,18028.19922,3036.129883
11-11-2022,112253,7089.206055,51959.19922,18349.69922,3087.290039
14-11-2022,113161,7019.39209,51785.12891,18329.15039,3083.399902
16-11-2022,110243,7014.383789,51544.94141,18409.65039,3119.97998
17-11-2022,109703,7044.98584,51360.87109,18343.90039,3115.429932
18-11-2022,108880,7082.181152,51569.71875,18307.65039,3097.23999
22-11-2022,109037,7030.587891,51760.53906,18244.19922,3088.943115
23-11-2022,108683,7054.123047,51993.94922,18267.25,3096.906982
24-11-2022,111831,7080.515137,51979.01172,18484.09961,3089.310059
25-11-2022,108977,7053.149902,51668.64063,18512.75,3101.689941
28-11-2022,108782,7017.35791,51081.32813,18562.75,3078.550049
29-11-2022,110910,7012.068848,50174.05859,18618.05078,3149.75
30-11-2022,112486,7081.312988,51684.85938,18758.34961,3151.340088
01-12-2022,110926,7020.803223,51457.55078,18812.5,3165.469971
02-12-2022,111924,7019.63916,51234.37109,18696.09961,3156.139893
05-12-2022,109401,6987.328125,50799.46094,18701.05078,3211.810059
06-12-2022,109533,6892.569824,51020.64844,18642.75,3212.530029
07-12-2022,109361,6818.751953,50725.96094,18560.5,3199.620117
08-12-2022,107245,6804.227051,51078.69922,18609.34961,3197.350098
09-12-2022,107689,6715.118164,50466.25,18496.59961,3206.949951
13-12-2022,103892,6810.315918,50333.10156,18608,3176.330078
14-12-2022,103803,6801.749023,50047.69922,18660.30078,3176.530029
15-12-2022,103738,6751.859863,49342.33984,18414.90039,3168.649902
16-12-2022,102825,6812.192871,49630.14844,18269,3167.85791
19-12-2022,104530,6779.698242,49946.10156,18420.44922,3107.120117
20-12-2022,106979,6768.315918,50139.42188,18385.30078,3073.77002
21-12-2022,107313,6820.663086,50426.26172,18199.09961,3068.409912
22-12-2022,107317,6824.432129,50097.21875,18127.34961,3054.429932
23-12-2022,109698,6800.672852,50578.08984,17806.80078,3045.865967
26-12-2022,108738,6835.808105,50273.89063,18014.59961,3065.562988
27-12-2022,108347,6923.026855,50440.01953,18132.30078,3095.570068
28-12-2022,110237,6850.52002,49648.21094,18122.5,3087.399902
29-12-2022,110031,6860.077148,49517.85938,18191,3073.699951
03-01-2023,104166,6888.757813,49050.46094,18232.55078,3116.51001
04-01-2023,105334,6813.23877,50161.26953,18042.94922,3123.52002
05-01-2023,107518,6653.84082,50805.21094,17992.15039,3155.219971
06-01-2023,108836,6684.558105,51730.5,17859.44922,3157.639893
09-01-2023,109227,6688.265137,52280.05078,18101.19922,3176.080078
10-01-2023,110912,6622.499023,52344.01953,17914.15039,3169.51001
11-01-2023,111763,6584.453125,53209,17895.69922,3161.840088
12-01-2023,111877,6629.934082,53593.85938,17858.19922,3163.449951
13-01-2023,110916,6641.830078,53576.71875,17956.59961,3195.310059
16-01-2023,109213,6688.057129,53631.89063,17894.84961,3227.592041
17-01-2023,111439,6767.339844,53128.96875,18053.30078,3224.23999
18-01-2023,112452,6765.786133,53218.82813,18165.34961,3224.409912
19-01-2023,113006,6819.907227,53382.64844,18107.84961,3240.280029
20-01-2023,112301,6874.931152,53947.03906,18027.65039,3264.810059
30-01-2023,111888,6872.480957,54521.42969,17648.94922,3269.320068
31-01-2023,113532,6839.341797,54564.26953,17662.15039,3255.669922
01-02-2023,112303,6862.257813,55018.91016,17616.30078,3284.919922
02-02-2023,109935,6890.571777,53874.91016,17610.40039,3285.669922
03-02-2023,108490,6911.731934,54049.05078,17854.05078,3263.409912
07-02-2023,107920,6935.300781,53335.51172,17721.5,3248.090088
08-02-2023,109882,6940.124023,53125.01172,17871.69922,3232.110107
09-02-2023,107783,6897.365234,52801.42969,17893.44922,3270.379883
10-02-2023,108150,6880.329102,52482.01953,17856.5,3260.669922
13-02-2023,108846,6900.140137,53050.82813,17770.90039,3284.159912
14-02-2023,107659,6941.85498,52663.12109,17929.84961,3293.280029
15-02-2023,109442,6914.538086,53422.23828,18015.84961,3280.48999
16-02-2023,109905,6895.664063,54015.82031,18035.84961,3249.030029
17-02-2023,109303,6895.713867,53789.64063,17944.19922,3224.02002
22-02-2023,107152,6809.967773,53180.98828,17554.30078,3291.149902
23-02-2023,107720,6839.454102,53085.71094,17511.25,3287.47998
24-02-2023,105873,6856.576172,52686.23828,17465.80078,3267.159912
27-02-2023,105711,6854.776855,53013.62109,17392.69922,3258.030029
28-02-2023,104932,6843.23877,52758.05859,17303.94922,3279.610107
01-03-2023,104385,6844.936035,53473.46094,17450.90039,3312.350098
02-03-2023,103326,6857.415039,53329.53125,17321.90039,3310.649902
03-03-2023,103866,6813.63623,54182.26953,17594.34961,3328.389893
06-03-2023,104700,6807.000977,53924.19141,17711.44922,3322.030029
08-03-2023,106540,6776.370117,53388.66016,17754.40039,3283.25
09-03-2023,105071,6799.794922,53426.76953,17589.59961,3276.090088
10-03-2023,103618,6765.301758,52794.53125,17412.90039,3230.080078
13-03-2023,103121,6786.955078,53012.25,17154.30078,3268.699951
14-03-2023,102932,6641.813965,52691.66016,17043.30078,3245.310059
15-03-2023,102675,6628.137207,52085.60156,16972.15039,3263.310059
16-03-2023,103435,6565.728027,52505.69922,16985.59961,3226.889893
17-03-2023,101982,6678.236816,51925.60938,17100.05078,3250.550049
21-03-2023,100998,6691.61084,52652.64844,17107.5,3255.649902
24-03-2023,98829,6762.253906,52771.12109,16945.05078,3265.649902
27-03-2023,99670,6708.933105,52851.42188,16985.69922,3251.399902
28-03-2023,101185,6760.328125,53209.10156,16951.69922,3245.379883
29-03-2023,101793,6839.436035,53882.94922,17080.69922,3240.060059
31-03-2023,101882,6805.276855,53904,17359.75,3272.860107
03-04-2023,101506,6827.174805,53896.35156,17398.05078,3296.399902
10-04-2023,101847,6771.234863,54246.53125,17624.05078,3315.360107
11-04-2023,106214,6811.313965,54604.62891,17722.30078,3313.570068
12-04-2023,106890,6798.963867,54333.12109,17812.40039,3327.179932
13-04-2023,106458,6785.598145,54695.78125,17828,3318.360107
17-04-2023,106016,6787.582031,54778.92969,17706.84961,3385.610107
18-04-2023,106163,6821.807129,54385.51953,17660.15039,3393.330078
26-04-2023,102312,6910.146973,54023.32031,17813.59961,3264.100098
27-04-2023,102923,6945.477051,54442.17188,17915.05078,3285.879883
28-04-2023,104432,6915.71582,55121.21875,18065,3323.27002
04-05-2023,102174,6844.026855,54667.21094,18255.80078,3350.459961
05-05-2023,105148,6787.630859,54937.39063,18069,3334.5
08-05-2023,106042,6769.630859,55033.12109,18264.40039,3395
09-05-2023,107114,6779.97998,55452.73047,18265.94922,3357.669922
10-05-2023,107448,6811.904785,55534.67969,18315.09961,3319.149902
11-05-2023,108256,6755.937988,55014.16016,18297,3309.550049
12-05-2023,108464,6707.763184,54948.33984,18314.80078,3272.360107
15-05-2023,109029,6711.740234,55261.42188,18398.84961,3310.73999
16-05-2023,108194,6676.563965,55180.96875,18286.5,3290.98999
17-05-2023,109460,6663.11377,55067.37109,18181.75,3284.22998
19-05-2023,110745,6700.561035,54296.05078,18203.40039,3283.540039
22-05-2023,110213,6729.646973,53466.32031,18314.40039,3296.469971
23-05-2023,109929,6736.684082,53123.21875,18348,3246.23999
24-05-2023,108800,6745.804199,53393.39844,18285.40039,3204.75
25-05-2023,110054,6704.230957,53744.67969,18321.15039,3201.26001
26-05-2023,110906,6687.000977,54025.44922,18499.34961,3212.5
29-05-2023,110333,6681.102051,54212.67188,18598.65039,3221.449951
30-05-2023,108967,6636.422852,53341.85156,18633.84961,3224.209961
31-05-2023,108335,6633.26123,52736.26172,18534.40039,3204.560059
05-06-2023,112696,6633.437012,53536.05078,18593.84961,3232.439941
06-06-2023,114610,6618.922852,54432.19141,18599,3195.340088
07-06-2023,115488,6619.754883,54291.44141,18726.40039,3197.76001
09-06-2023,117019,6694.023926,54512.14063,18563.40039,3231.409912
12-06-2023,117336,6722.373047,54278.12109,18601.5,3228.830078
13-06-2023,116743,6719.01416,54574.75,18716.15039,3233.669922
14-06-2023,119069,6699.716797,55145.42969,18755.90039,3228.98999
15-06-2023,119221,6713.794922,55344.25,18688.09961,3252.97998
16-06-2023,118758,6698.546875,54842.51172,18826,3273.330078
19-06-2023,119858,6686.059082,54931.05859,18755.44922,3255.810059
20-06-2023,119622,6660.455078,54365.67969,18816.69922,3240.360107
21-06-2023,120420,6702.625,54063.91016,18856.84961,3197.899902
26-06-2023,118243,6664.667969,53335.73828,18691.19922,3150.620117
27-06-2023,117523,6661.878906,53926.91016,18817.40039,3189.439941
03-07-2023,119673,6696.71582,54399.10156,19322.55078,3243.97998
04-07-2023,119076,6681.753906,53930.85938,19389,3245.350098
05-07-2023,119549,6718.977051,54039.66016,19398.5,3222.949951
06-07-2023,117426,6757.331055,53407.69922,19497.30078,3205.570068
07-07-2023,118898,6716.458984,53904.28906,19331.80078,3196.610107
10-07-2023,117942,6731.038086,53655.35156,19355.90039,3203.699951
11-07-2023,117220,6796.923828,54138.14063,19439.40039,3221.370117
12-07-2023,117666,6808.208984,53956.71094,19384.30078,3196.129883
13-07-2023,119264,6810.212891,54244.01172,19413.75,3236.47998
14-07-2023,117711,6869.571777,53770.80078,19564.5,3237.699951
17-07-2023,118219,6867.144043,53623.26953,19711.44922,3209.629883
18-07-2023,117841,6830.203125,54036.26953,19749.25,3197.820068
20-07-2023,118083,6864.188965,53561.37109,19979.15039,3169.52002
21-07-2023,120217,6880.801758,53702.16016,19745,3167.75
24-07-2023,121342,6899.395996,53518.91016,19672.34961,3164.159912
25-07-2023,122008,6917.710938,54013.57813,19680.59961,3231.52002
26-07-2023,122560,6948.278809,54502.08984,19778.30078,3223.030029
27-07-2023,119990,6896.663086,54753.39063,19659.90039,3216.669922
28-07-2023,120187,6900.22998,54945.26953,19646.05078,3275.929932
31-07-2023,121943,6931.358887,54819.05078,19753.80078,3291.040039
01-08-2023,121248,6886.496094,54210.62109,19733.55078,3290.948975
02-08-2023,120859,6854.509766,53283.55859,19526.55078,3261.689941
03-08-2023,120586,6898.077148,53445.08984,19381.65039,3280.462891
04-08-2023,119508,6852.841797,53991.42188,19517,3288.083984
07-08-2023,119380,6886.366211,54032.82813,19597.30078,3268.831055
08-08-2023,119090,6868.812988,53663.01953,19570.84961,3260.620117
09-08-2023,118409,6875.111816,54220.73828,19632.55078,3244.48999
10-08-2023,118350,6893.275879,53889.03125,19543.09961,3254.560059
11-08-2023,118065,6879.979004,53242.16016,19428.30078,3189.25
14-08-2023,116810,6910.171875,53291.44141,19434.55078,3178.429932
16-08-2023,115592,6900.538086,53827.71094,19465,3150.129883
18-08-2023,115409,6859.912109,53194.39063,19310.15039,3131.949951
21-08-2023,114429,6866.033203,53109.76172,19393.59961,3092.97998
22-08-2023,116156,6916.450195,53127.92969,19396.44922,3120.330078
23-08-2023,118135,6921.410156,53635.33984,19444,3078.399902
24-08-2023,117026,6899.39209,53109.82813,19386.69922,3082.23999
25-08-2023,115837,6895.442871,53191.53125,19265.80078,3064.070068
28-08-2023,117121,6921.727051,53442.64063,19306.05078,3098.639893
29-08-2023,118404,6957.834961,54261.32813,19342.65039,3135.889893
30-08-2023,117535,6966.655762,54390.73828,19347.44922,3137.139893
31-08-2023,115742,6953.259766,53020.98047,19253.80078,3119.879883
01-09-2023,117893,6977.653809,53145.35938,19435.30078,3133.25
04-09-2023,117777,6996.75,53030.51953,19528.80078,3177.060059
05-09-2023,117331,6991.708008,52932.5,19574.90039,3154.370117
06-09-2023,115985,6995.953125,52971.19141,19611.05078,3158.080078
08-09-2023,115313,6924.779785,52505.10938,19819.94922,3116.719971
11-09-2023,116883,6963.393066,52267.48828,19996.34961,3142.780029
12-09-2023,117968,6933.969238,51860.44922,19993.19922,3137.060059
13-09-2023,118176,6935.476074,51522.17969,20070,3123.070068
14-09-2023,119392,6959.333008,51755.67969,20103.09961,3126.550049
15-09-2023,118758,6982.791016,51351.60156,20192.34961,3117.73999
18-09-2023,118288,6936.083008,51685.30859,20133.30078,3125.929932
20-09-2023,118695,7011.681152,52507.23047,19901.40039,3108.568115
21-09-2023,116145,6991.46582,51954.01172,19742.34961,3084.700928
22-09-2023,116009,7016.844238,51677.48047,19674.25,3132.431885
25-09-2023,115925,6998.380859,51367.46094,19674.55078,3115.606934
26-09-2023,114193,6923.799805,51107.80078,19664.69922,3102.272949
27-09-2023,114327,6937.828125,51427.26953,19716.44922,3107.315918
09-10-2023,115156,6891.455078,49297.14844,19512.34961,3096.922119
10-10-2023,116737,6922.187988,50289.85938,19689.84961,3075.23999
11-10-2023,117051,6931.75293,50344.73828,19811.34961,3078.956055
13-10-2023,115754,6926.779785,49379.57813,19751.05078,3088.100098
16-10-2023,116534,6896.291992,49823.07813,19731.75,3073.812988
17-10-2023,115908,6939.615234,49666.01172,19811.5,3083.5
18-10-2023,114060,6927.905762,49274.78125,19671.09961,3058.709961
19-10-2023,114004,6846.426758,48804.60938,19624.69922,3005.393066
20-10-2023,113155,6849.167969,48275.91016,19542.65039,2983.060059
23-10-2023,112785,6741.963867,48197.87891,19281.75,2939.291016
25-10-2023,112830,6834.388184,48766.32813,19122.15039,2974.114014
26-10-2023,114777,6714.519043,49182.37109,18857.25,2988.299072
27-10-2023,113301,6758.792969,48973.85156,19047.25,3017.783936
30-10-2023,112532,6735.89209,49277.35938,19140.90039,3021.552979
31-10-2023,113144,6752.210938,49061.87891,19079.59961,3018.770996
01-11-2023,115053,6642.417969,49787.83984,18989.15039,3023.076904
03-11-2023,118160,6788.850098,51266.73047,19230.59961,3030.798096
06-11-2023,118487,6878.835938,51633.62891,19411.75,3058.410889
07-11-2023,119268,6843.790039,51209.85156,19406.69922,3057.27002
08-11-2023,119099,6804.105957,51016.30078,19443.5,3052.373047
09-11-2023,119012,6838.23291,51071.03125,19395.30078,3053.279053
10-11-2023,120636,6809.263184,51258.23828,19425.34961,3038.969971
13-11-2023,120376,6838.312012,51090.91016,19443.55078,3046.532959
16-11-2023,124576,6958.007813,52469.35938,19765.19922,3050.926025
17-11-2023,125062,6977.667969,52685.10156,19731.80078,3054.370117
21-11-2023,125607,6961.790039,52504.28906,19783.40039,3067.933105
22-11-2023,126035,6906.953125,52670.01172,19811.84961,3043.611084
23-11-2023,126576,7004.344238,53059.53906,19802,3061.855957
24-11-2023,125542,7009.630859,52938.42188,19794.69922,3040.971924
28-11-2023,126538,7041.073242,52359,19889.69922,3038.550049
29-11-2023,126101,7036.086914,52792.80859,20096.59961,3021.687012
30-11-2023,127331,7080.741211,54060.01172,20133.15039,3029.673096
01-12-2023,128103,7059.905762,53901.42969,20267.90039,3031.635986
04-12-2023,126803,7093.600098,54053.62891,20686.80078,3022.914063
05-12-2023,126903,7100.85498,54120.91016,20855.09961,2972.295898
06-12-2023,125623,7087.39502,54100.37109,20937.69922,2968.933105
07-12-2023,126010,7134.623047,54456.78125,20901.15039,2966.206055
08-12-2023,127094,7159.598145,54393.01172,20969.40039,2969.559082
11-12-2023,126916,7088.785156,54439.12109,20997.09961,2991.438965
13-12-2023,129465,7075.34082,55167.85938,20926.34961,2968.760986
14-12-2023,130842,7176.016113,57036.42188,21182.69922,2958.986084
15-12-2023,130197,7190.987793,57130.07813,21456.65039,2942.556885
18-12-2023,131084,7119.524902,57732.80859,21418.65039,2930.800049
19-12-2023,131851,7187.846191,57694.33984,21453.09961,2932.391113
20-12-2023,130804,7219.666992,56909.37109,21150.15039,2902.110107
21-12-2023,132182,7209.619141,57487.69922,21255.05078,2918.715088
22-12-2023,132753,7237.519043,57313.46875,21349.40039,2914.774902
27-12-2023,134194,7245.916016,57554.46875,21654.75,2914.614014
28-12-2023,134185,7303.888184,57464.42188,21778.69922,2954.704102
02-01-2024,132697,7323.587891,56980.44141,21665.80078,2962.275879
03-01-2024,132834,7279.09082,55726.64063,21517.34961,2967.24707
04-01-2024,131226,7359.763184,55406.96094,21658.59961,2954.349121
05-01-2024,132023,7350.619141,56192.78125,21710.80078,2929.179932
08-01-2024,132427,7283.575195,56175.67188,21513,2887.538086
09-01-2024,131447,7200.203125,55105.57813,21544.84961,2893.25
10-01-2024,130841,7227.296875,55318.67188,21618.69922,2877.701904
11-01-2024,130649,7219.963867,55438.75,21647.19922,2886.649902
12-01-2024,130988,7241.138184,55607.07031,21894.55078,2881.977051
15-01-2024,131521,7224.000977,55501.10938,22097.44922,2886.290039
16-01-2024,129294,7242.787109,55124.57813,22032.30078,2893.989014
17-01-2024,128524,7200.634766,54711.69141,21571.94922,2833.61499
18-01-2024,127316,7252.966797,54707.89063,21462.25,2845.780029
19-01-2024,127636,7227.401855,55452.10156,21622.40039,2832.279053
23-01-2024,128263,7256.229004,55502.89844,21238.80078,2770.976074
24-01-2024,127816,7227.823242,55419.55078,21453.94922,2820.771973
25-01-2024,128169,7178.041992,56160.07031,21352.59961,2906.108887
29-01-2024,128503,7157.174805,57175.73047,21737.59961,2883.360107
30-01-2024,127402,7192.21582,57537.14063,21522.09961,2830.5271
31-01-2024,127752,7207.940918,57372.76172,21725.69922,2788.548096
01-02-2024,128481,7201.695801,57828.07813,21697.44922,2770.73999
02-02-2024,127182,7238.785156,58226.76953,21853.80078,2730.1521
06-02-2024,130416,7247.408203,58645.42188,21929.40039,2789.486084
07-02-2024,129608,7235.151855,58711.87109,21930.5,2829.696045
19-02-2024,129036,7296.702148,57490.05078,22122.25,2910.543945
20-02-2024,129916,7352.601074,57227.67188,22196.94922,2922.72998
21-02-2024,130032,7349.020996,57021.03125,22055.05078,2950.956055
22-02-2024,130241,7339.63623,57148.73047,22217.44922,2988.35791
23-02-2024,129419,7295.095215,56659.80078,22212.69922,3004.881104
26-02-2024,129609,7283.823242,56194.71875,22122.05078,2977.021973
27-02-2024,131689,7285.316895,56241.03125,22198.34961,3015.480957
28-02-2024,130155,7328.63623,55350.60938,21951.15039,2957.852051
29-02-2024,129020,7316.11084,55414,21982.80078,3015.170898
01-03-2024,129180,7311.907227,55536.32031,22338.75,3027.02002
04-03-2024,128341,7276.749023,55462.48828,22405.59961,3039.305908
05-03-2024,128098,7247.459961,55476.25,22356.30078,3047.792969
06-03-2024,128890,7329.800781,55284.51172,22474.05078,3039.930908
07-03-2024,128340,7373.963867,55049.48828,22493.55078,3027.400879
13-03-2024,128006,7421.207031,55848.71875,21997.69922,3043.834961
14-03-2024,127690,7433.314941,56059.26172,22146.65039,3038.233887
15-03-2024,126742,7328.054199,56228.39844,22023.34961,3054.635986
19-03-2024,127529,7336.746094,55548.07031,21817.44922,3062.756104
20-03-2024,129125,7331.12793,56618.01172,21839.09961,3079.686035
21-03-2024,128159,7338.353027,56657.44141,22011.94922,3077.113037
22-03-2024,127027,7350.151855,56610.53906,22096.75,3048.033936
26-03-2024,126863,7365.664063,57209.69922,22004.69922,3031.480957
27-03-2024,127691,7310.091797,57369.01172,22123.65039,2993.138916
01-04-2024,126990,7205.061035,57653.23047,22462,3077.378906
02-04-2024,127549,7236.983887,57581.80859,22453.30078,3074.958984
03-04-2024,127318,7166.844238,57503.39063,22434.65039,3069.295898
16-04-2024,124389,7164.807129,55797.25,22147.90039,3007.068115
18-04-2024,124196,7166.813965,55739.42969,21995.84961,3074.225098
19-04-2024,125124,7087.316895,55862.85156,22147,3065.260986
22-04-2024,125573,7073.819824,56551.89844,22336.40039,3044.594971
23-04-2024,125148,7110.812988,56633.75,22368,3021.978027
24-04-2024,124741,7174.533203,56463.98828,22402.40039,3044.822021
25-04-2024,124646,7155.293945,57071.78125,22570.34961,3052.899902
26-04-2024,126526,7036.075195,57833.85156,22419.94922,3088.635986
29-04-2024,127352,7155.78418,57827.85938,22643.40039,3113.042969
30-04-2024,125924,7234.196777,56727.98047,22604.84961,3104.824951
06-05-2024,128466,7135.890137,57282.94922,22442.69922,3140.719971
07-05-2024,129210,7123.611816,57108.32031,22302.5,3147.738037
08-05-2024,129481,7088.794922,57081,22302.5,3128.47998
13-05-2024,128155,7099.26123,57731.12109,22104.05078,3148.020996
14-05-2024,128515,7083.763184,57231.73828,22217.84961,3145.773926
15-05-2024,128028,7179.831055,57454.64844,22200.55078,3119.9021
16-05-2024,128284,7246.695801,57462.17188,22403.84961,3122.400879
17-05-2024,128151,7317.237793,57583.07813,22466.09961,3154.025879
21-05-2024,127412,7186.037109,56760.71875,22529.05078,3157.966064
22-05-2024,125650,7222.381836,56432.03125,22597.80078,3158.540039
27-05-2024,124496,7176.419922,55452.87891,22932.44922,3124.042969
28-05-2024,123780,7253.625977,55184.94922,22888.15039,3109.572021
29-05-2024,122707,7140.229004,55212.64063,22704.69922,3111.018066
31-05-2024,122098,6970.73584,55179.23828,22530.69922,3086.812988
03-06-2024,122032,7036.190918,51807.55078,23263.90039,3078.489014
04-06-2024,121802,7099.312012,53485.62109,21884.5,3091.198975
05-06-2024,121407,6947.669922,54410.51172,22620.34961,3065.403076
06-06-2024,122899,6974.896973,54477.25,22821.40039,3048.793945
07-06-2024,120767,6897.950195,52977.32031,23290.15039,3051.279053
11-06-2024,121635,6855.690918,53134.05859,23264.84961,3028.044922
12-06-2024,119936,6850.097168,52975.89063,23322.94922,3037.468018
13-06-2024,119568,6831.563965,52275.64844,23398.90039,3028.918945
14-06-2024,119662,6734.832031,52222.94141,23465.59961,3032.633057
19-06-2024,120261,6726.918945,53323.37109,23516,3018.049072
20-06-2024,120446,6819.320801,53333.03125,23567,3005.437012
21-06-2024,121341,6879.978027,52788.5,23501.09961,2998.137939
24-06-2024,122637,6889.165039,52512.91016,23537.84961,2963.099121
25-06-2024,122331,6882.704102,52604.05078,23721.30078,2949.996094
26-06-2024,122641,6905.64209,52468.01172,23868.80078,2972.524902
27-06-2024,124308,6967.951172,52310.96094,24044.5,2945.852051
28-06-2024,123907,7063.577148,52440.01953,24010.59961,2967.403076
01-07-2024,124718,7139.625977,52883.96875,24141.94922,2994.72998
02-07-2024,124787,7125.14209,51947.89063,24123.84961,2997.010986
03-07-2024,125662,7196.754883,52796.26172,24286.5,2982.375977
04-07-2024,126164,7220.88916,52654.85156,24302.15039,2957.566895
05-07-2024,126267,7253.37207,52333.16016,24323.84961,2949.933105
08-07-2024,126548,7250.977051,52907.69141,24320.55078,2922.449951
09-07-2024,127108,7269.800781,53331.80859,24433.19922,2959.37207
10-07-2024,127218,7287.041992,54279.87891,24324.44922,2939.364014
11-07-2024,128294,7300.407227,54422.58984,24315.94922,2970.386963
12-07-2024,128897,7327.580078,54953.10938,24502.15039,2971.294922
15-07-2024,129321,7278.862793,54311.98828,24586.69922,2974.010986
16-07-2024,129110,7224.292969,54378.19141,24613,2976.303955
18-07-2024,127652,7321.070801,53043,24800.84961,2977.133057
19-07-2024,127616,7294.495117,53678.51953,24530.90039,2982.309082
22-07-2024,127860,7321.976074,54006.92188,24509.25,2964.216064
23-07-2024,126590,7313.856934,53707.73828,24479.05078,2915.368896
24-07-2024,126423,7262.758789,53168.41016,24413.5,2901.951904
25-07-2024,125954,7240.276855,52931.87109,24406.09961,2886.741943
26-07-2024,127492,7288.166992,52819.57813,24834.84961,2890.896973
29-07-2024,126954,7288.896973,52515.78125,24836.09961,2891.844971
30-07-2024,126139,7241.86377,52325.42188,24857.30078,2879.300049
31-07-2024,127652,7255.762207,53136.83984,24951.15039,2938.749023
01-08-2024,127395,7325.984863,52417.48047,25010.90039,2932.386963
